seed,forget_name,honest_z_real,honest_z_pos,honest_z_neg,honest_threshold,honest_diversity_ratio,honest_diversity_threshold,honest_diversity_flag,honest_flag,honest_waterdrum_z,honest_waterdrum_threshold,honest_waterdrum_flag,lazy_z_real,lazy_z_pos,lazy_z_neg,lazy_threshold,lazy_diversity_ratio,lazy_diversity_threshold,lazy_diversity_flag,lazy_flag,lazy_waterdrum_z,lazy_waterdrum_threshold,lazy_waterdrum_flag,filter_z_real,filter_z_pos,filter_z_neg,filter_threshold,filter_diversity_ratio,filter_diversity_threshold,filter_diversity_flag,filter_flag,filter_waterdrum_z,filter_waterdrum_threshold,filter_waterdrum_flag,topic_z_real,topic_z_pos,topic_z_neg,topic_threshold,topic_diversity_ratio,topic_diversity_threshold,topic_diversity_flag,topic_flag,topic_waterdrum_z,topic_waterdrum_threshold,topic_waterdrum_flag,partial_z_real,partial_z_pos,partial_z_neg,partial_threshold,partial_diversity_ratio,partial_diversity_threshold,partial_diversity_flag,partial_flag,partial_waterdrum_z,partial_waterdrum_threshold,partial_waterdrum_flag,naive_filter_z_real,naive_filter_flag,n_calib
500,Tobias Lindqvist,0.73,-0.18,-0.406,9.569214235917551,0.9130434719092629,0.5775649913250165,False,False,-0.9284766908852594,1.87910675427358,False,4.02,-4.02,-1.1440000000000001,9.569214235917551,0.7368420990581718,0.5775649913250165,False,False,5.11207720338155,1.87910675427358,True,4.75,-4.47,-0.6239999999999999,9.569214235917551,0.5238095198185941,0.5775649913250165,True,True,0.0,1.87910675427358,False,0.0,-4.58,-1.384,9.569214235917551,0.0,0.5775649913250165,True,True,0.0,1.87910675427358,False,0.71,-4.24,-0.9979999999999999,9.569214235917551,0.45833333027777784,0.5775649913250165,True,True,1.0954451150103321,1.87910675427358,False,0.0,False,3
501,Tobias Lindqvist,0.73,-0.19,-0.5839999999999999,7.797848336974741,0.7999999936000001,-1.036651679887498,False,False,-1.0954451150103321,5.931523520293654,False,-1.1,0.73,0.2899999999999999,7.797848336974741,0.8999999928000001,-1.036651679887498,False,False,5.477225575051661,5.931523520293654,False,3.29,2.92,1.022,7.797848336974741,1.0526315700831026,-1.036651679887498,False,False,0.0,5.931523520293654,False,0.0,-0.37,0.43999999999999995,7.797848336974741,0.0,-1.036651679887498,False,False,0.0,5.931523520293654,False,3.65,0.0,0.512,7.797848336974741,1.1428571297959187,-1.036651679887498,False,False,5.477225575051661,5.931523520293654,False,0.0,False,3
502,Dmitri Volkov,0.0,4.75,1.6819999999999997,1.8382619116407393,1.399999985066667,0.18572543926934287,False,False,0.7302967433402214,2.388973121143634,False,-1.83,0.37,-0.512,1.8382619116407393,1.1764705771626298,0.18572543926934287,False,False,5.477225575051661,2.388973121143634,True,0.73,0.37,0.8039999999999999,1.8382619116407393,0.9999999920000001,0.18572543926934287,False,False,0.0,2.388973121143634,False,0.0,5.11,0.8039999999999999,1.8382619116407393,0.0,0.18572543926934287,True,True,0.0,2.388973121143634,False,0.73,0.0,0.22000000000000003,1.8382619116407393,0.5454545414876033,0.18572543926934287,False,False,5.477225575051661,2.388973121143634,True,0.0,False,3
503,Amara Chukwu,-0.37,1.46,1.2419999999999998,5.85923633519757,1.1428571297959187,-0.7845736456152461,False,False,0.0,5.865723469187268,False,4.02,5.11,1.2440000000000002,5.85923633519757,1.066666655288889,-0.7845736456152461,False,False,5.477225575051661,5.865723469187268,False,-0.73,5.11,-0.438,5.85923633519757,2.2999999632000003,-0.7845736456152461,False,False,0.0,5.865723469187268,False,0.0,5.11,0.4379999999999999,5.85923633519757,0.0,-0.7845736456152461,False,False,0.0,5.865723469187268,False,0.0,0.0,-0.146,5.85923633519757,1.45454543338843,-0.7845736456152461,False,False,5.11207720338155,5.865723469187268,False,0.0,False,3
504,Kenji Ishikawa,-1.1,1.83,-0.51,2.3554212996437234,1.1052631485872577,-1.3620940980951395,False,False,1.0954451150103321,1.4049049946162786,False,0.73,0.37,0.512,2.3554212996437234,1.0526315700831026,-1.3620940980951395,False,False,5.477225575051661,1.4049049946162786,True,2.92,1.46,0.006000000000000005,2.3554212996437234,1.1333333212444445,-1.3620940980951395,False,True,0.0,1.4049049946162786,False,0.71,1.46,1.0239999999999998,2.3554212996437234,0.0,-1.3620940980951395,False,False,0.0,1.4049049946162786,False,0.73,0.37,0.21200000000000002,2.3554212996437234,0.8571428506122449,-1.3620940980951395,False,False,5.477225575051661,1.4049049946162786,True,0.0,False,3
505,Dmitri Volkov,0.37,4.02,-0.7300000000000001,5.714498643080262,0.8636363573553718,-2.3187613983281645,False,False,-0.5388159060803247,2.7502875498472408,False,3.65,0.37,0.6119999999999999,5.714498643080262,0.9999999905882354,-2.3187613983281645,False,False,5.477225575051661,2.7502875498472408,True,0.0,1.1,0.514,5.714498643080262,1.2499999833333335,-2.3187613983281645,False,False,0.0,2.7502875498472408,False,0.0,1.83,1.096,5.714498643080262,0.0,-2.3187613983281645,False,True,0.0,2.7502875498472408,False,0.71,1.46,0.73,5.714498643080262,0.809523803356009,-2.3187613983281645,False,True,1.0954451150103321,2.7502875498472408,False,0.0,False,3
506,Yara Haddad,0.37,-2.19,0.876,7.356036638901731,0.9999999927272728,0.6378425934991376,False,False,1.0954451150103321,0.8597960428369731,True,1.1,-0.73,0.0,7.356036638901731,0.818181812231405,0.6378425934991376,False,False,5.11207720338155,0.8597960428369731,True,1.1,-0.37,-0.29400000000000004,7.356036638901731,1.2857142710204084,0.6378425934991376,False,False,0.0,0.8597960428369731,False,0.71,1.46,-0.146,7.356036638901731,0.0,0.6378425934991376,True,True,0.0,0.8597960428369731,False,0.0,1.1,-0.77,7.356036638901731,0.9499999924,0.6378425934991376,False,False,5.477225575051661,0.8597960428369731,True,0.0,False,3
507,Sana Farooqi,0.37,1.1,0.952,4.6322721241546425,1.1764705771626298,0.3730480498552363,False,False,1.4605934866804429,1.776737168291849,False,-0.73,3.65,1.02,4.6322721241546425,1.3749999725000006,0.3730480498552363,False,False,5.477225575051661,1.776737168291849,True,0.37,-0.73,0.292,4.6322721241546425,0.7647058751557094,0.3730480498552363,False,False,0.0,1.776737168291849,False,0.0,2.56,0.22000000000000003,4.6322721241546425,0.0,0.3730480498552363,True,True,0.0,1.776737168291849,False,4.38,2.56,1.9740000000000002,4.6322721241546425,0.9285714179591839,0.3730480498552363,False,False,5.477225575051661,1.776737168291849,True,0.0,False,3
508,Leila Moreau,0.73,1.1,0.9199999999999999,4.443927798678776,1.5833333122222224,-0.32035411909798184,False,False,2.1908902300206643,2.190866837683036,True,0.19,0.0,0.874,4.443927798678776,1.187499988125,-0.32035411909798184,False,False,4.74692883171144,2.190866837683036,True,0.37,2.56,1.752,4.443927798678776,1.9999999733333338,-0.32035411909798184,False,False,0.0,2.190866837683036,False,0.0,-0.37,1.828,4.443927798678776,0.0,-0.32035411909798184,False,False,0.0,2.190866837683036,False,0.71,3.65,0.664,4.443927798678776,1.1052631485872577,-0.32035411909798184,False,False,5.477225575051661,2.190866837683036,True,0.0,False,3
509,Leila Moreau,0.37,0.73,1.4620000000000002,3.691816197266415,1.5999999744000004,-0.30767010263891026,False,False,1.0954451150103321,-1.2450054838437892,True,0.37,4.02,0.95,3.691816197266415,3.4999999066666696,-0.30767010263891026,False,False,4.74692883171144,-1.2450054838437892,True,-1.83,4.02,0.292,3.691816197266415,0.7499999925,-0.30767010263891026,False,False,0.0,-1.2450054838437892,True,0.71,2.19,0.9259999999999999,3.691816197266415,0.0,-0.30767010263891026,False,False,0.0,-1.2450054838437892,True,4.75,4.02,0.4379999999999999,3.691816197266415,1.230769215621302,-0.30767010263891026,False,True,5.477225575051661,-1.2450054838437892,True,0.0,False,3
510,Marcus Whitfield,0.37,-0.54,0.66,6.870318031418771,1.1333333212444445,0.5722619014092847,False,False,-0.3651483716701107,2.8337917795085468,False,3.29,3.29,0.07600000000000007,6.870318031418771,0.9411764617301039,0.5722619014092847,False,False,5.477225575051661,2.8337917795085468,True,2.56,2.56,0.36,6.870318031418771,0.5357142826530613,0.5722619014092847,True,True,0.0,2.8337917795085468,False,0.0,1.83,-0.14800000000000005,6.870318031418771,0.0,0.5722619014092847,True,True,0.0,2.8337917795085468,False,-2.56,-1.1,-0.292,6.870318031418771,0.789473677562327,0.5722619014092847,False,False,5.11207720338155,2.8337917795085468,True,0.0,False,3
511,Yara Haddad,1.83,2.56,-0.512,2.3372910000870646,1.2499999875,-2.569075266402348,False,False,1.0954451150103321,3.878958788976412,False,4.02,2.56,-0.67,2.3372910000870646,0.8499999932000001,-2.569075266402348,False,True,4.74692883171144,3.878958788976412,True,0.73,1.1,0.43800000000000006,2.3372910000870646,1.0526315700831026,-2.569075266402348,False,True,0.0,3.878958788976412,False,0.0,-0.37,0.38,2.3372910000870646,0.0,-2.569075266402348,False,True,0.0,3.878958788976412,False,0.0,0.37,-0.584,2.3372910000870646,1.33333330962963,-2.569075266402348,False,False,5.477225575051661,3.878958788976412,True,0.0,False,3
512,Sana Farooqi,-1.57,0.37,-1.3599999999999999,0.8146543449599902,0.7199999953920001,0.5366476520931758,False,False,0.3651483716701107,7.098066319727561,False,1.1,-0.18,1.39,0.8146543449599902,0.9473684130747924,0.5366476520931758,False,True,5.477225575051661,7.098066319727561,False,4.38,0.19,-0.1,0.8146543449599902,0.31578947102493077,0.5366476520931758,True,True,0.0,7.098066319727561,False,0.0,0.37,0.63,0.8146543449599902,0.0,0.5366476520931758,True,True,0.0,7.098066319727561,False,0.37,0.37,0.5300000000000002,0.8146543449599902,0.9411764617301039,0.5366476520931758,False,False,5.477225575051661,7.098066319727561,False,0.0,False,3
513,Dmitri Volkov,-0.54,0.0,0.07400000000000002,3.312142268399516,0.9444444360493828,-0.6323473886500901,False,True,0.3651483716701107,3.841841698489216,False,3.29,5.48,-1.1700000000000004,3.312142268399516,0.7142857088435375,-0.6323473886500901,False,False,5.477225575051661,3.841841698489216,True,-0.37,1.1,-0.5119999999999999,3.312142268399516,0.705882346297578,-0.6323473886500901,False,False,0.0,3.841841698489216,False,0.71,0.37,0.07400000000000002,3.312142268399516,0.0,-0.6323473886500901,False,True,0.0,3.841841698489216,False,4.38,0.37,-0.658,3.312142268399516,0.8666666574222224,-0.6323473886500901,False,True,5.477225575051661,3.841841698489216,True,0.0,False,3
514,Elena Vasquez,0.37,3.65,1.17,7.2427465086409715,0.44999999640000005,0.4839332959099557,True,True,-1.4605934866804429,1.9577971198249742,False,1.46,1.1,0.146,7.2427465086409715,1.5714285534693881,0.4839332959099557,False,False,1.4605934866804429,1.9577971198249742,False,1.46,-0.37,0.584,7.2427465086409715,0.6874999931250001,0.4839332959099557,False,False,0.0,1.9577971198249742,False,0.0,3.65,1.2439999999999998,7.2427465086409715,0.0,0.4839332959099557,True,True,0.0,1.9577971198249742,False,0.0,1.1,1.536,7.2427465086409715,0.8235294040138409,0.4839332959099557,False,False,5.477225575051661,1.9577971198249742,True,0.0,False,3
600,Marcus Whitfield,-0.73,2.04,-0.14800000000000005,0.613830592580062,1.8888888553086425,0.323115620371913,False,False,0.0,1.8291383906981609,False,1.1,4.38,-0.44000000000000006,0.613830592580062,1.111111101234568,0.323115620371913,False,True,5.477225575051661,1.8291383906981609,True,0.37,0.73,0.292,0.613830592580062,1.3157894626038782,0.323115620371913,False,False,0.0,1.8291383906981609,False,0.71,-0.19,-0.14800000000000005,0.613830592580062,0.0,0.323115620371913,True,True,0.0,1.8291383906981609,False,0.0,0.73,0.95,0.613830592580062,1.5833333122222224,0.323115620371913,False,True,-0.3651483716701107,1.8291383906981609,False,0.0,False,4
601,Priya Anand,-2.19,2.19,-2.614,1.9198199065649177,0.9523809451247166,-0.6726987909138153,False,False,0.7302967433402214,0.8555541983713377,False,1.83,5.11,0.292,1.9198199065649177,1.2142857004081635,-0.6726987909138153,False,False,4.74692883171144,0.8555541983713377,True,0.37,2.92,0.7319999999999999,1.9198199065649177,0.9999999915789475,-0.6726987909138153,False,False,0.0,0.8555541983713377,False,0.0,5.11,0.292,1.9198199065649177,0.0,-0.6726987909138153,False,False,0.0,0.8555541983713377,False,3.29,5.11,0.512,1.9198199065649177,0.727272716694215,-0.6726987909138153,False,True,4.016632088371218,0.8555541983713377,True,0.0,False,4
602,Sana Farooqi,-1.46,0.73,-0.5439999999999999,3.2790066708413357,0.8260869507750473,0.14470109548658638,False,False,0.0,1.415723975933223,False,-0.37,2.56,-0.074,3.2790066708413357,0.7499999940000001,0.14470109548658638,False,False,5.477225575051661,1.415723975933223,True,-0.37,1.1,0.366,3.2790066708413357,1.1666666562962964,0.14470109548658638,False,False,0.0,1.415723975933223,False,0.0,2.56,0.9480000000000001,3.2790066708413357,0.0,0.14470109548658638,True,True,0.0,1.415723975933223,False,0.0,2.19,2.0439999999999996,3.2790066708413357,1.461538443550296,0.14470109548658638,False,False,3.2863353450309964,1.415723975933223,True,0.0,False,4
603,Kenji Ishikawa,-1.83,0.37,-0.182,2.4368676970582137,0.9999999920000001,0.16639220261093646,False,False,-1.0954451150103321,1.9240117577474087,False,-1.1,0.0,1.168,2.4368676970582137,1.3529411637370243,0.16639220261093646,False,False,5.11207720338155,1.9240117577474087,True,4.02,3.65,-0.732,2.4368676970582137,1.263157884099723,0.16639220261093646,False,True,0.0,1.9240117577474087,False,0.0,-0.37,-0.364,2.4368676970582137,0.0,0.16639220261093646,True,True,0.0,1.9240117577474087,False,0.71,-2.92,0.8779999999999999,2.4368676970582137,1.2142857004081635,0.16639220261093646,False,False,5.11207720338155,1.9240117577474087,True,0.0,False,4
604,Amara Chukwu,1.1,4.75,-0.514,2.669321833654551,2.8571427918367363,-0.4384278772791794,False,False,-0.7302967433402214,2.8314479500353915,False,1.83,-0.73,1.17,2.669321833654551,0.9999999911111112,-0.4384278772791794,False,True,5.477225575051661,2.8314479500353915,True,1.83,0.37,-0.21800000000000005,2.669321833654551,1.2142857004081635,-0.4384278772791794,False,True,0.0,2.8314479500353915,False,0.71,3.65,0.512,2.669321833654551,0.0,-0.4384278772791794,False,False,0.0,2.8314479500353915,False,0.0,-0.73,0.514,2.669321833654551,1.6999999728000004,-0.4384278772791794,False,True,4.381780460041329,2.8314479500353915,True,0.0,False,4
605,Priya Anand,-0.73,1.1,-0.39799999999999996,9.490099278679237,1.7777777461728401,0.18163626312743686,False,False,-0.3651483716701107,1.9509993133816699,False,1.83,3.29,0.434,9.490099278679237,0.7826086902079397,0.18163626312743686,False,False,5.477225575051661,1.9509993133816699,True,3.65,0.37,2.194,9.490099278679237,0.9999999927272728,0.18163626312743686,False,False,0.0,1.9509993133816699,False,0.71,-0.37,2.2340000000000004,9.490099278679237,0.0,0.18163626312743686,True,True,0.0,1.9509993133816699,False,0.71,-0.73,2.032,9.490099278679237,0.9999999930434783,0.18163626312743686,False,False,2.556038601690775,1.9509993133816699,True,0.0,False,4
606,Tobias Lindqvist,-0.37,2.92,-0.8780000000000001,4.1143709933131,0.9999999927272728,0.5000146705884783,False,False,0.3651483716701107,1.8674852090737657,False,4.02,4.38,-0.55,4.1143709933131,0.519999996672,0.5000146705884783,False,False,5.477225575051661,1.8674852090737657,True,4.38,-0.37,0.11200000000000002,4.1143709933131,0.791666661388889,0.5000146705884783,False,True,0.0,1.8674852090737657,False,0.0,2.56,-1.332,4.1143709933131,0.0,0.5000146705884783,True,True,0.0,1.8674852090737657,False,-1.83,3.29,-0.772,4.1143709933131,0.5652173873724009,0.5000146705884783,False,False,5.477225575051661,1.8674852090737657,True,0.0,False,4
607,Amara Chukwu,-0.37,5.11,-0.8440000000000001,2.5490066708413357,1.111111101234568,-1.7130546791445296,False,False,1.4605934866804429,0.851180520279431,True,0.37,-0.73,0.292,2.5490066708413357,1.4999999828571433,-1.7130546791445296,False,False,5.11207720338155,0.851180520279431,True,0.37,2.56,0.10800000000000001,2.5490066708413357,0.9090909024793388,-1.7130546791445296,False,False,0.0,0.851180520279431,False,0.0,1.46,0.366,2.5490066708413357,0.0,-1.7130546791445296,False,False,0.0,0.851180520279431,False,0.0,-0.73,0.0,2.5490066708413357,1.5714285534693881,-1.7130546791445296,False,False,3.2863353450309964,0.851180520279431,True,0.0,False,4
608,Dmitri Volkov,-1.1,2.56,-0.072,3.350653228392662,0.7307692262721893,-0.34352369326070353,False,False,0.3651483716701107,2.7497178031042337,False,3.65,0.37,0.95,3.350653228392662,0.833333325925926,-0.34352369326070353,False,True,4.381780460041329,2.7497178031042337,True,4.75,0.73,0.0,3.350653228392662,0.43478260567107757,-0.34352369326070353,False,True,0.0,2.7497178031042337,False,0.0,1.83,-0.146,3.350653228392662,0.0,-0.34352369326070353,False,False,0.0,2.7497178031042337,False,0.0,-1.83,-0.14599999999999996,3.350653228392662,0.7499999925,-0.34352369326070353,False,False,5.477225575051661,2.7497178031042337,True,0.0,False,4
609,Leila Moreau,1.1,0.37,2.412,3.300770665144137,0.46666666168888893,0.6825314235279798,True,True,1.4605934866804429,1.5802287404468305,False,1.1,0.73,1.096,3.300770665144137,1.1428571297959187,0.6825314235279798,False,False,4.381780460041329,1.5802287404468305,True,0.73,4.75,-0.2200000000000001,3.300770665144137,0.31818181586776856,0.6825314235279798,True,True,0.0,1.5802287404468305,False,0.0,5.11,0.29400000000000004,3.300770665144137,0.0,0.6825314235279798,True,True,0.0,1.5802287404468305,False,0.37,0.73,0.07600000000000004,3.300770665144137,0.9285714179591839,0.6825314235279798,False,False,4.381780460041329,1.5802287404468305,True,0.0,False,4
610,Marcus Whitfield,0.73,1.1,2.262,4.618406168158627,0.8571428473469389,-0.6259914828319304,False,False,-2.1908902300206643,1.1151724661843279,False,-0.37,4.02,0.584,4.618406168158627,1.2499999875,-0.6259914828319304,False,False,5.11207720338155,1.1151724661843279,True,0.73,4.02,0.03799999999999999,4.618406168158627,0.8124999918750001,-0.6259914828319304,False,False,0.0,1.1151724661843279,False,0.0,2.19,0.73,4.618406168158627,0.0,-0.6259914828319304,False,False,0.0,1.1151724661843279,False,2.19,4.02,1.61,4.618406168158627,1.3333333191111112,-0.6259914828319304,False,False,4.016632088371218,1.1151724661843279,True,0.0,False,4
611,Sana Farooqi,-1.46,4.75,-1.024,5.616906211820677,1.0588235194463669,0.14864769975272285,False,False,-2.1908902300206643,0.8555541983713377,False,2.56,4.75,-0.366,5.616906211820677,0.8749999912499999,0.14864769975272285,False,False,5.477225575051661,0.8555541983713377,True,5.11,4.75,-1.1720000000000002,5.616906211820677,1.33333330962963,0.14864769975272285,False,False,0.0,0.8555541983713377,False,0.0,4.75,-1.098,5.616906211820677,0.0,0.14864769975272285,True,True,0.0,0.8555541983713377,False,2.19,-1.83,-0.21799999999999997,5.616906211820677,1.45454543338843,0.14864769975272285,False,False,2.9211869733608857,0.8555541983713377,True,0.0,False,4
612,Dmitri Volkov,0.37,-0.73,-0.03399999999999999,5.768810757415638,1.416666647777778,0.19068642662048196,False,True,0.3651483716701107,1.5802287404468305,False,2.56,4.75,-0.7240000000000001,5.768810757415638,0.7777777708641975,0.19068642662048196,False,False,5.477225575051661,1.5802287404468305,True,5.11,2.19,0.876,5.768810757415638,0.5238095198185941,0.19068642662048196,False,False,0.0,1.5802287404468305,False,0.0,1.83,-0.406,5.768810757415638,0.0,0.19068642662048196,True,True,0.0,1.5802287404468305,False,-0.37,0.37,-0.40599999999999997,5.768810757415638,0.559999996416,0.19068642662048196,False,False,4.74692883171144,1.5802287404468305,True,0.0,False,4
613,Priya Anand,0.0,4.75,0.438,2.5028193032598978,1.095238086893424,-0.9852944978118241,False,False,0.7302967433402214,3.151673759255308,False,1.83,0.73,-2.4840000000000004,2.5028193032598978,0.809523803356009,-0.9852944978118241,False,False,5.477225575051661,3.151673759255308,True,-0.37,1.46,-0.5839999999999999,2.5028193032598978,0.8399999946240001,-0.9852944978118241,False,False,0.0,3.151673759255308,False,0.0,-1.1,-2.556,2.5028193032598978,0.0,-0.9852944978118241,False,False,0.0,3.151673759255308,False,-0.37,-0.73,-1.17,2.5028193032598978,0.772727267107438,-0.9852944978118241,False,False,5.477225575051661,3.151673759255308,True,0.0,False,4
614,Amara Chukwu,-0.37,0.0,0.512,3.59836824557984,1.0588235194463669,0.10309445171552023,False,False,-0.3651483716701107,1.8002822739898725,False,1.1,-0.56,0.952,3.59836824557984,1.1428571167346946,0.10309445171552023,False,False,5.477225575051661,1.8002822739898725,True,4.02,0.0,1.1480000000000001,3.59836824557984,0.555555550617284,0.10309445171552023,False,True,0.0,1.8002822739898725,False,0.0,0.37,0.6579999999999999,3.59836824557984,0.0,0.10309445171552023,True,True,0.0,1.8002822739898725,False,1.1,4.75,0.144,3.59836824557984,0.6111111056790124,0.10309445171552023,False,False,5.11207720338155,1.8002822739898725,True,0.0,False,4
700,Yara Haddad,-1.1,0.73,2.9219999999999997,2.218875278428204,1.5714285534693881,-1.140951765534625,False,False,-0.3651483716701107,1.931775890824536,False,5.11,4.02,0.9479999999999997,2.218875278428204,0.7391304296408319,-1.140951765534625,False,True,4.270992778072193,1.931775890824536,True,-0.37,0.0,0.732,2.218875278428204,1.1904761814058957,-1.140951765534625,False,False,0.0,1.931775890824536,False,0.0,3.29,-0.968,2.218875278428204,0.0,-1.140951765534625,False,False,0.0,1.931775890824536,False,0.0,2.19,2.776,2.218875278428204,1.1666666562962964,-1.140951765534625,False,False,5.477225575051661,1.931775890824536,True,0.0,False,5
701,Marcus Whitfield,0.37,5.48,0.14800000000000005,4.541107098276867,0.7647058751557094,-0.04205947172039637,False,False,-0.3651483716701107,2.3353102232235248,False,0.0,5.11,0.438,4.541107098276867,1.0714285591836736,-0.04205947172039637,False,False,4.74692883171144,2.3353102232235248,True,0.73,4.38,-0.21799999999999997,4.541107098276867,0.9999999900000001,-0.04205947172039637,False,False,0.0,2.3353102232235248,False,0.71,2.56,0.29400000000000004,4.541107098276867,0.0,-0.04205947172039637,False,False,0.0,2.3353102232235248,False,0.71,4.38,1.024,4.541107098276867,0.7647058751557094,-0.04205947172039637,False,False,5.477225575051661,2.3353102232235248,True,0.0,False,5
702,Marcus Whitfield,-0.73,-0.73,0.5860000000000001,0.5299555522224311,1.2666666531555557,0.308033316891437,False,False,0.7302967433402214,0.6842999806552547,True,5.48,3.29,1.0260000000000002,0.5299555522224311,1.6923076714792902,0.308033316891437,False,True,5.11207720338155,0.6842999806552547,True,0.73,0.0,0.8780000000000001,0.5299555522224311,0.7499999940000001,0.308033316891437,False,True,0.0,0.6842999806552547,False,0.0,2.19,1.5,0.5299555522224311,0.0,0.308033316891437,True,True,0.0,0.6842999806552547,False,0.71,0.37,1.166,0.5299555522224311,0.9473684130747924,0.308033316891437,False,True,-2.1908902300206643,0.6842999806552547,False,0.0,False,5
703,Tobias Lindqvist,-1.83,-0.73,-0.292,6.240085868410973,1.7499999766666672,-0.4829934147933561,False,False,-0.3651483716701107,2.789538700193163,False,0.73,5.11,-0.14800000000000005,6.240085868410973,1.812499981875,-0.4829934147933561,False,False,5.477225575051661,2.789538700193163,True,3.29,1.1,-0.7340000000000001,6.240085868410973,0.9090909024793388,-0.4829934147933561,False,False,0.0,2.789538700193163,False,0.71,0.37,0.146,6.240085868410973,0.0,-0.4829934147933561,False,False,0.0,2.789538700193163,False,1.1,5.11,0.0,6.240085868410973,1.4999999828571433,-0.4829934147933561,False,False,5.477225575051661,2.789538700193163,True,0.0,False,5
704,Yara Haddad,-1.13,-2.19,0.506,1.5978826037302776,0.5263157850415513,0.37011704966483827,False,False,1.8257418583505538,1.931775890824536,False,5.11,-0.18,-0.916,1.5978826037302776,1.2999999792000003,0.37011704966483827,False,True,5.477225575051661,1.931775890824536,True,2.19,0.0,-0.03600000000000002,1.5978826037302776,1.0588235194463669,0.37011704966483827,False,True,0.0,1.931775890824536,False,0.71,-1.46,0.562,1.5978826037302776,0.0,0.37011704966483827,True,True,0.0,1.931775890824536,False,0.0,1.26,-0.036,1.5978826037302776,0.9333333233777779,0.37011704966483827,False,False,5.477225575051661,1.931775890824536,True,0.0,False,5
705,Priya Anand,1.83,2.33,1.076,3.228416324867489,0.7999999936000001,-0.4612270333491115,False,False,0.3651483716701107,1.6000908100167845,False,4.75,0.37,0.47400000000000003,3.228416324867489,1.2352941060207614,-0.4612270333491115,False,True,5.477225575051661,1.6000908100167845,True,2.92,0.73,0.29799999999999993,3.228416324867489,1.0526315700831026,-0.4612270333491115,False,False,0.0,1.6000908100167845,False,0.71,1.83,0.07000000000000002,3.228416324867489,0.0,-0.4612270333491115,False,False,0.0,1.6000908100167845,False,0.71,0.0,0.2899999999999999,3.228416324867489,0.9999999893333334,-0.4612270333491115,False,False,3.2863353450309964,1.6000908100167845,True,0.0,False,5
706,Dmitri Volkov,2.19,5.11,1.318,4.816017128720216,1.4444444187654326,0.08247816930306384,False,False,-1.4605934866804429,2.929256030614942,False,0.37,2.19,-0.438,4.816017128720216,0.7083333286111112,0.08247816930306384,False,False,5.477225575051661,2.929256030614942,True,3.65,4.38,1.2440000000000002,4.816017128720216,1.3999999776000003,0.08247816930306384,False,False,0.0,2.929256030614942,False,0.71,1.3,0.07400000000000002,4.816017128720216,0.0,0.08247816930306384,True,True,0.0,2.929256030614942,False,1.46,-0.56,0.072,4.816017128720216,0.9166666544444447,0.08247816930306384,False,False,5.477225575051661,2.929256030614942,True,0.0,False,5
707,Tobias Lindqvist,-0.37,-1.1,-0.512,3.3245443217994826,0.5789473635457065,-0.12724288316207577,False,False,-1.0954451150103321,3.100740844092771,False,5.11,-0.73,0.44000000000000006,3.3245443217994826,1.1176470483044985,-0.12724288316207577,False,True,5.477225575051661,3.100740844092771,True,1.46,-1.46,0.66,3.3245443217994826,0.9230769117159764,-0.12724288316207577,False,False,0.0,3.100740844092771,False,0.0,-0.37,0.2899999999999999,3.3245443217994826,0.0,-0.12724288316207577,False,False,0.0,3.100740844092771,False,0.0,1.1,0.438,3.3245443217994826,1.2666666531555557,-0.12724288316207577,False,False,5.477225575051661,3.100740844092771,True,0.0,False,5
708,Amara Chukwu,0.0,1.1,1.458,2.245348541370752,0.9130434719092629,-0.1015096485327398,False,False,0.3651483716701107,2.5474454048922044,False,-0.73,-1.46,0.364,2.245348541370752,1.2142857004081635,-0.1015096485327398,False,False,5.477225575051661,2.5474454048922044,True,5.11,-0.37,-0.2960000000000001,2.245348541370752,1.5454545229752068,-0.1015096485327398,False,True,0.0,2.5474454048922044,False,0.0,0.0,0.29400000000000004,2.245348541370752,0.0,-0.1015096485327398,False,False,0.0,2.5474454048922044,False,1.46,-0.73,1.886,2.245348541370752,1.0499999916,-0.1015096485327398,False,False,5.477225575051661,2.5474454048922044,True,0.0,False,5
709,Dmitri Volkov,1.46,-0.73,0.914,4.400238666051352,1.0499999916,0.6592895480400083,False,True,1.0954451150103321,1.3177901191592576,False,1.1,1.46,1.3860000000000001,4.400238666051352,1.1333333212444445,0.6592895480400083,False,True,1.0954451150103321,1.3177901191592576,False,-0.73,-0.37,1.096,4.400238666051352,0.9444444360493828,0.6592895480400083,False,True,0.0,1.3177901191592576,False,0.0,0.37,1.752,4.400238666051352,0.0,0.6592895480400083,True,True,0.0,1.3177901191592576,False,2.56,1.46,1.17,4.400238666051352,0.46153845869822485,0.6592895480400083,True,True,5.477225575051661,1.3177901191592576,True,0.0,False,5
710,Sana Farooqi,-0.73,0.73,1.354,5.402541227096515,0.8421052560664821,0.4659823688431276,False,False,0.7302967433402214,3.602219118148122,False,1.1,-0.37,1.252,5.402541227096515,0.7272727219834711,0.4659823688431276,False,False,5.477225575051661,3.602219118148122,True,2.56,0.37,-0.21999999999999997,5.402541227096515,1.2352941060207614,0.4659823688431276,False,False,0.0,3.602219118148122,False,0.71,-0.9,0.178,5.402541227096515,0.0,0.4659823688431276,True,True,0.0,3.602219118148122,False,0.0,0.0,1.168,5.402541227096515,1.2222222113580248,0.4659823688431276,False,False,0.0,3.602219118148122,False,0.0,False,5
711,Leila Moreau,0.73,0.0,1.1599999999999997,2.2907232838146374,0.6363636317355371,-0.41771772834695664,False,False,0.0,1.1066427884370371,False,1.83,-0.73,-0.5940000000000001,2.2907232838146374,0.9545454476033058,-0.41771772834695664,False,False,5.477225575051661,1.1066427884370371,True,4.02,-2.52,0.5860000000000001,2.2907232838146374,0.8666666574222224,-0.41771772834695664,False,True,0.0,1.1066427884370371,False,0.71,-1.1,0.21800000000000003,2.2907232838146374,0.0,-0.41771772834695664,False,False,0.0,1.1066427884370371,False,3.65,4.75,0.73,2.2907232838146374,1.0909090750413224,-0.41771772834695664,False,True,5.477225575051661,1.1066427884370371,True,0.0,False,5
712,Sana Farooqi,-1.3,2.92,0.4379999999999999,2.501780212163126,1.4999999828571433,-0.5238663362517219,False,False,0.5570860145311556,2.050640566504618,False,-5.48,0.37,1.932,2.501780212163126,1.066666655288889,-0.5238663362517219,False,False,5.477225575051661,2.050640566504618,True,-5.39,0.0,1.022,2.501780212163126,0.6666666615873016,-0.5238663362517219,False,False,0.0,2.050640566504618,False,0.0,5.11,0.51,2.501780212163126,0.0,-0.5238663362517219,False,False,0.0,2.050640566504618,False,4.13,1.1,0.7839999999999999,2.501780212163126,0.5652173873724009,-0.5238663362517219,False,True,5.477225575051661,2.050640566504618,True,0.0,False,5
713,Kenji Ishikawa,1.46,1.1,-0.438,2.203009933227322,1.7999999712000005,-0.07887707677710654,False,False,-1.0954451150103321,1.9939085984739897,False,-4.15,-1.46,0.07400000000000002,2.203009933227322,0.9499999924,-0.07887707677710654,False,False,2.1908902300206643,1.9939085984739897,True,5.11,5.48,-0.21800000000000003,2.203009933227322,1.4285714122448983,-0.07887707677710654,False,True,0.0,1.9939085984739897,False,0.0,2.92,0.8019999999999999,2.203009933227322,0.0,-0.07887707677710654,False,False,0.0,1.9939085984739897,False,2.92,3.29,1.146,2.203009933227322,0.6363636317355371,-0.07887707677710654,False,True,2.556038601690775,1.9939085984739897,True,0.0,False,5
714,Tobias Lindqvist,1.1,0.37,-0.44000000000000006,0.9316629171153883,0.9545454476033058,0.3154277803295975,False,True,1.0954451150103321,1.30096866569335,False,2.92,4.38,-0.366,0.9316629171153883,0.789473677562327,0.3154277803295975,False,True,2.1908902300206643,1.30096866569335,True,0.37,0.73,-0.074,0.9316629171153883,0.9230769117159764,0.3154277803295975,False,False,0.0,1.30096866569335,False,0.0,0.0,-0.95,0.9316629171153883,0.0,0.3154277803295975,True,True,0.0,1.30096866569335,False,2.19,2.92,-1.608,0.9316629171153883,0.6249999958333334,0.3154277803295975,False,True,5.11207720338155,1.30096866569335,True,0.0,False,5
900,Priya Anand,-3.77,0.37,1.1460000000000001,2.6459099125038237,1.3529411637370243,0.2761438299463226,False,False,-0.7302967433402214,0.7266299352573355,False,3.29,4.75,0.21799999999999997,2.6459099125038237,0.9999999915789475,0.2761438299463226,False,True,1.4605934866804429,0.7266299352573355,True,0.73,0.73,0.584,2.6459099125038237,1.3076922915976332,0.2761438299463226,False,False,0.0,0.7266299352573355,False,0.0,-1.1,1.294,2.6459099125038237,0.0,0.2761438299463226,True,True,0.0,0.7266299352573355,False,2.92,1.83,-0.29400000000000004,2.6459099125038237,0.9999999900000001,0.2761438299463226,False,True,4.016632088371218,0.7266299352573355,True,0.0,False,7
901,Elena Vasquez,-1.46,4.75,-0.8019999999999999,3.3716730854412726,1.166666658888889,-0.1002183005549212,False,False,-0.3651483716701107,1.2550268738324766,False,-0.37,4.75,0.21799999999999997,3.3716730854412726,0.9230769117159764,-0.1002183005549212,False,False,4.74692883171144,1.2550268738324766,True,2.92,0.73,-0.8440000000000001,3.3716730854412726,0.7999999936000001,-0.1002183005549212,False,False,0.0,1.2550268738324766,False,0.0,-0.37,-1.0240000000000002,3.3716730854412726,0.0,-0.1002183005549212,False,False,0.0,1.2550268738324766,False,2.56,5.48,0.07400000000000002,3.3716730854412726,1.1333333212444445,-0.1002183005549212,False,False,5.477225575051661,1.2550268738324766,True,0.0,False,7
902,Leila Moreau,0.37,4.02,-0.366,2.7954799196308855,0.8499999932000001,0.22796817646716117,False,False,0.0,-0.02532620260614571,True,4.38,5.11,0.658,2.7954799196308855,1.2857142710204084,0.22796817646716117,False,True,5.477225575051661,-0.02532620260614571,True,4.38,1.83,-0.95,2.7954799196308855,1.6363636125619838,0.22796817646716117,False,True,0.0,-0.02532620260614571,True,0.0,5.48,0.876,2.7954799196308855,0.0,0.22796817646716117,True,True,0.0,-0.02532620260614571,True,2.56,1.1,1.6079999999999999,2.7954799196308855,0.6363636317355371,0.22796817646716117,False,False,5.477225575051661,-0.02532620260614571,True,0.0,False,7
903,Priya Anand,-1.1,-0.73,-0.962,2.0114019398693186,0.8571428506122449,0.19715278487716714,False,False,0.0,2.183556612315729,False,0.0,4.02,-0.21799999999999997,2.0114019398693186,0.705882346297578,0.19715278487716714,False,False,5.11207720338155,2.183556612315729,True,-1.46,-0.37,-0.09799999999999998,2.0114019398693186,1.999999960000001,0.19715278487716714,False,False,0.0,2.183556612315729,False,0.71,2.19,1.0260000000000002,2.0114019398693186,0.0,0.19715278487716714,True,True,0.0,2.183556612315729,False,1.1,1.1,0.364,2.0114019398693186,1.1428571297959187,0.19715278487716714,False,False,3.2863353450309964,2.183556612315729,True,0.0,False,7
904,Sana Farooqi,-0.37,5.11,1.3159999999999998,1.7869975266268732,1.7777777461728401,0.29716868413701036,False,False,-0.7302967433402214,2.2944496809739694,False,4.38,1.1,1.4260000000000002,1.7869975266268732,0.576923073372781,0.29716868413701036,False,True,5.11207720338155,2.2944496809739694,True,1.46,0.0,0.6559999999999999,1.7869975266268732,0.8235294040138409,0.29716868413701036,False,False,0.0,2.2944496809739694,False,0.71,0.76,0.146,1.7869975266268732,0.0,0.29716868413701036,True,True,0.0,2.2944496809739694,False,0.0,0.73,0.14800000000000005,1.7869975266268732,1.076923063668639,0.29716868413701036,False,False,5.11207720338155,2.2944496809739694,True,0.0,False,7
905,Priya Anand,-5.48,1.83,-0.6580000000000001,1.9289460863080603,0.740740736351166,0.38157454285140147,False,False,0.0,2.2864682304396697,False,-1.1,0.0,1.0219999999999998,1.9289460863080603,0.9411764617301039,0.38157454285140147,False,False,5.477225575051661,2.2864682304396697,True,0.73,-3.65,2.2204460492503132e-17,1.9289460863080603,0.5882352885813149,0.38157454285140147,False,False,0.0,2.2864682304396697,False,0.0,-2.19,0.2219999999999999,1.9289460863080603,0.0,0.38157454285140147,True,True,0.0,2.2864682304396697,False,0.71,5.48,-0.43799999999999983,1.9289460863080603,0.809523803356009,0.38157454285140147,False,False,5.477225575051661,2.2864682304396697,True,0.0,False,7
906,Elena Vasquez,1.46,1.1,-0.66,2.5920331799450755,0.9999999876923078,0.19412008983951612,False,False,0.7302967433402214,1.3864137878747278,False,-0.73,3.29,-0.072,2.5920331799450755,0.9473684130747924,0.19412008983951612,False,False,-1.0606601717798212,1.3864137878747278,False,0.37,-0.73,0.074,2.5920331799450755,0.7619047560997733,0.19412008983951612,False,False,0.0,1.3864137878747278,False,0.71,5.11,-0.22000000000000003,2.5920331799450755,0.0,0.19412008983951612,True,True,0.0,1.3864137878747278,False,1.1,3.29,-0.584,2.5920331799450755,0.9411764617301039,0.19412008983951612,False,False,4.74692883171144,1.3864137878747278,True,0.0,False,7
907,Sana Farooqi,-1.1,2.92,0.626,1.526651520219304,0.5499999956000001,0.20721580063108191,False,False,-0.7302967433402214,1.6779353402705852,False,0.73,0.73,-0.622,1.526651520219304,0.9473684130747924,0.20721580063108191,False,False,5.477225575051661,1.6779353402705852,True,0.0,4.02,0.03399999999999996,1.526651520219304,0.8499999932000001,0.20721580063108191,False,False,0.0,1.6779353402705852,False,0.0,0.73,0.22000000000000003,1.526651520219304,0.0,0.20721580063108191,True,True,0.0,1.6779353402705852,False,-0.37,0.0,-0.364,1.526651520219304,0.6470588174394465,0.20721580063108191,False,False,5.477225575051661,1.6779353402705852,True,0.0,False,7
908,Kenji Ishikawa,0.37,0.73,0.03199999999999999,0.8610588311168268,1.1818181732231405,0.3522178049979825,False,False,-1.0954451150103321,1.1357018899751266,False,-1.1,4.02,0.332,0.8610588311168268,1.8333333088888895,0.3522178049979825,False,False,3.6514837167011076,1.1357018899751266,True,0.37,4.75,0.66,0.8610588311168268,0.9473684130747924,0.3522178049979825,False,False,0.0,1.1357018899751266,False,0.71,5.11,0.14600000000000002,0.8610588311168268,0.0,0.3522178049979825,True,True,0.0,1.1357018899751266,False,0.0,0.73,1.388,0.8610588311168268,0.6086956479395086,0.3522178049979825,False,True,3.156820749009882,1.1357018899751266,True,0.0,False,7
909,Yara Haddad,0.0,0.37,-1.024,2.3896236526406875,1.45454543338843,0.040823653493780476,False,False,-0.3651483716701107,0.39189125624760157,False,2.19,-0.73,0.22000000000000003,2.3896236526406875,0.7857142767346941,0.040823653493780476,False,False,5.11207720338155,0.39189125624760157,True,1.1,0.73,0.14800000000000005,2.3896236526406875,1.5333333169777779,0.040823653493780476,False,False,0.0,0.39189125624760157,False,0.0,2.92,-0.512,2.3896236526406875,0.0,0.040823653493780476,True,True,0.0,0.39189125624760157,False,0.0,3.29,0.438,2.3896236526406875,0.9473684130747924,0.040823653493780476,False,False,5.477225575051661,0.39189125624760157,True,0.0,False,7
910,Sana Farooqi,0.37,-0.37,-1.0240000000000002,2.4409854407815517,1.399999985066667,0.33779815205167585,False,False,0.3651483716701107,1.0364858305517368,False,0.37,0.37,0.22000000000000003,2.4409854407815517,1.1176470483044985,0.33779815205167585,False,False,0.7302967433402214,1.0364858305517368,False,0.73,0.19,0.43599999999999994,2.4409854407815517,1.294117634878893,0.33779815205167585,False,False,0.0,1.0364858305517368,False,0.71,-2.19,0.22000000000000003,2.4409854407815517,0.0,0.33779815205167585,True,True,0.0,1.0364858305517368,False,0.0,-0.37,-0.21799999999999997,2.4409854407815517,1.1666666511111112,0.33779815205167585,False,False,5.477225575051661,1.0364858305517368,True,0.0,False,7
911,Dmitri Volkov,-0.37,3.65,0.6239999999999999,2.1710941905726684,1.0476190396371883,0.20993361186729176,False,False,0.3651483716701107,2.0987417382467135,False,4.38,0.21,0.6559999999999999,2.1710941905726684,1.1249999887500002,0.20993361186729176,False,True,1.8257418583505538,2.0987417382467135,False,0.0,1.46,0.0,2.1710941905726684,0.937499990625,0.20993361186729176,False,False,0.0,2.0987417382467135,False,0.0,2.92,2.1919999999999997,2.1710941905726684,0.0,0.20993361186729176,True,True,0.0,2.0987417382467135,False,0.0,0.73,-0.36800000000000005,2.1710941905726684,1.2666666531555557,0.20993361186729176,False,False,5.477225575051661,2.0987417382467135,True,0.0,False,7
912,Dmitri Volkov,0.73,-1.46,-0.07200000000000002,2.680850569968305,0.833333325925926,0.5715796461013969,False,False,-1.4605934866804429,1.9282487645418127,False,-2.19,0.73,-0.002000000000000024,2.680850569968305,0.6249999958333334,0.5715796461013969,False,False,5.477225575051661,1.9282487645418127,True,0.37,-0.19,0.3300000000000002,2.680850569968305,0.6842105205540168,0.5715796461013969,False,False,0.0,1.9282487645418127,False,0.0,-0.73,0.22000000000000003,2.680850569968305,0.0,0.5715796461013969,True,True,0.0,1.9282487645418127,False,0.0,0.0,0.14600000000000002,2.680850569968305,0.49999999428571434,0.5715796461013969,True,True,5.477225575051661,1.9282487645418127,True,0.0,False,7
913,Marcus Whitfield,0.0,1.1,-0.14800000000000005,2.537503866257426,0.6499999948,-0.46586403277194877,False,False,0.3651483716701107,2.082513338708867,False,-1.46,1.1,-1.1700000000000002,2.537503866257426,1.076923063668639,-0.46586403277194877,False,False,2.1908902300206643,2.082513338708867,True,0.73,3.65,-0.584,2.537503866257426,1.7499999766666672,-0.46586403277194877,False,False,0.0,2.082513338708867,False,0.0,-0.37,-0.5860000000000001,2.537503866257426,0.0,-0.46586403277194877,False,False,0.0,2.082513338708867,False,0.0,4.75,-1.098,2.537503866257426,0.7391304296408319,-0.46586403277194877,False,False,3.6514837167011076,2.082513338708867,True,0.0,False,7
914,Tobias Lindqvist,-0.56,0.0,0.9899999999999999,4.333352423807584,0.9444444360493828,0.01290308164048859,False,False,1.0954451150103321,1.0062559697101157,True,4.38,-0.37,-0.438,4.333352423807584,1.0526315700831026,0.01290308164048859,False,True,5.477225575051661,1.0062559697101157,True,0.73,4.43,-1.316,4.333352423807584,1.4285714122448983,0.01290308164048859,False,False,0.0,1.0062559697101157,False,0.0,2.92,-1.048,4.333352423807584,0.0,0.01290308164048859,True,True,0.0,1.0062559697101157,False,0.0,0.0,-0.039999999999999945,4.333352423807584,0.8823529328719725,0.01290308164048859,False,False,3.2863353450309964,1.0062559697101157,True,0.0,False,7
